<?xml version="1.0" encoding="UTF-8" ?>
<!DOCTYPE configuration
PUBLIC "-//mybatis.org//DTD Config 3.0//EN"
"http://mybatis.org/dtd/mybatis-3-config.dtd">
<configuration>
	<!-- 和spring整合后 environments配置将废除-->
	<environments default="development">
		<environment id="development">
		<!-- 使用jdbc事务管理-->
			<transactionManager type="JDBC" />
		<!-- 数据库连接池-->
			<dataSource type="POOLED">
				<property name="driver" value="com.mysql.jdbc.Driver" />
				<property name="url" value="jdbc:mysql://localhost:3306/technology?characterEncoding=utf-8" />
				<property name="username" value="root" />
				<property name="password" value="123" />
			</dataSource>
		</environment>
	</environments>
	
	<mappers>
		
		<!-- 
		使用class属性引入接口的全路径名称   
		使用规则：
			1.接口的名称和映射文件名称     除扩展名外要完全相同
			2.接口和映射文件要放在同一个目录下
		 -->
		<mapper class="com.mapper.AdminMapper"/>
		<mapper class="com.mapper.DemandMapper"/>
		<mapper class="com.mapper.CityMapper"/>
		<mapper class="com.mapper.CodeMapper"/>
		<mapper class="com.mapper.FirstHMapper"/>
		<mapper class="com.mapper.FirstXMapper"/>
		<mapper class="com.mapper.ProvinceMapper"/>
	</mappers>
	
</configuration>
